Feature,Chi2_p_value
Gender,0.1563184577964157
Department,0.9010745777401725
