Feature,p_value
Age,0.014614153723307387
CGPA,0.0
Sleep_Duration,4.532095220805629e-74
Study_Hours,4.6967294391640746e-07
Social_Media_Hours,1.1351391252300807e-07
Physical_Activity,1.0498531404477195e-05
Stress_Level,1.5139343687889625e-127
