Feature,p_value,Cohens_d
Age,0.014614153723307387,0.025668722811390206
CGPA,0.0,0.6046918537294802
Sleep_Duration,4.532095220805629e-74,0.19155278712978
Study_Hours,4.6967294391640746e-07,0.05296626154103791
Social_Media_Hours,1.1351391252300807e-07,-0.05575607320988088
Physical_Activity,1.0498531404477195e-05,0.0463250830152531
Stress_Level,1.5139343687889625e-127,-0.2529197490322661
